<?xml version="1.0" encoding="UTF-8" ?>
<!DOCTYPE configuration
PUBLIC "-//mybatis.org//DTD Config 3.0//EN"
"http://mybatis.org/dtd/mybatis-3-config.dtd">
<configuration>

	<!-- 加载java的配置文件或者声明属性信息 -->
	<properties resource="db.properties"/>

	<typeAliases>
		<!-- package：指定包名称来为该包下的po类声明别名，默认的别名就是类名（首字母大小写都可） -->
		<package name="com.boom.bookstore.model" />
	</typeAliases>

	<environments default="development">
		<environment id="development">
			<!-- 配置JDBC事务控制，由mybatis进行管理 -->
			<transactionManager type="JDBC"></transactionManager>
			<!-- 配置数据源，采用mybatis连接池 -->
			<dataSource type="POOLED">
				<property name="driver" value="${db.driver}" />
				<property name="url" value="${db.url}" />
				<property name="username" value="${db.username}" />
				<property name="password" value="${db.password}" />
			</dataSource>
		</environment>
	</environments>
</configuration>
